{
  "hash": "cdc5c608",
  "configHash": "e5f891d5",
  "lockfileHash": "e5511024",
  "browserHash": "58cbe918",
  "optimized": {
    "@angular/common": {
      "src": "../../../../../../node_modules/@angular/common/fesm2022/common.mjs",
      "file": "@angular_common.js",
      "fileHash": "af16c1f3",
      "needsInterop": false
    },
    "@angular/common/http": {
      "src": "../../../../../../node_modules/@angular/common/fesm2022/http.mjs",
      "file": "@angular_common_http.js",
      "fileHash": "980002ff",
      "needsInterop": false
    },
    "@angular/core": {
      "src": "../../../../../../node_modules/@angular/core/fesm2022/core.mjs",
      "file": "@angular_core.js",
      "fileHash": "56b9a012",
      "needsInterop": false
    },
    "@angular/forms": {
      "src": "../../../../../../node_modules/@angular/forms/fesm2022/forms.mjs",
      "file": "@angular_forms.js",
      "fileHash": "8b1e43c6",
      "needsInterop": false
    },
    "@angular/platform-browser": {
      "src": "../../../../../../node_modules/@angular/platform-browser/fesm2022/platform-browser.mjs",
      "file": "@angular_platform-browser.js",
      "fileHash": "6a4302b4",
      "needsInterop": false
    },
    "@angular/router": {
      "src": "../../../../../../node_modules/@angular/router/fesm2022/router.mjs",
      "file": "@angular_router.js",
      "fileHash": "77f47a17",
      "needsInterop": false
    },
    "rxjs": {
      "src": "../../../../../../node_modules/rxjs/dist/esm5/index.js",
      "file": "rxjs.js",
      "fileHash": "dafecab2",
      "needsInterop": false
    },
    "rxjs/operators": {
      "src": "../../../../../../node_modules/rxjs/dist/esm5/operators/index.js",
      "file": "rxjs_operators.js",
      "fileHash": "e31c2341",
      "needsInterop": false
    }
  },
  "chunks": {
    "chunk-YNE5C2CQ": {
      "file": "chunk-YNE5C2CQ.js"
    },
    "chunk-HQ5DBS3Z": {
      "file": "chunk-HQ5DBS3Z.js"
    },
    "chunk-DEAT6H7F": {
      "file": "chunk-DEAT6H7F.js"
    },
    "chunk-RR5AXKAS": {
      "file": "chunk-RR5AXKAS.js"
    },
    "chunk-UEYFFO6E": {
      "file": "chunk-UEYFFO6E.js"
    },
    "chunk-LPEPAQVY": {
      "file": "chunk-LPEPAQVY.js"
    },
    "chunk-LBGRCHB7": {
      "file": "chunk-LBGRCHB7.js"
    }
  }
}